fold,model,accuracy,train_time,predict_time
0,SVM linear,0.9386666666666666,0.07476937503088266,0.002496083965525031
0,SVM rbf,0.9253333333333333,0.04673929198179394,0.009715416003018618
0,RF 100 gini,0.9973333333333333,0.09862683399114758,0.003277209005318582
0,RF 200 gini,0.9973333333333333,0.19626275007613003,0.006255375104956329
0,RF 100 entropy,0.9946666666666667,0.09902700001839548,0.003175791003741324
0,RF 200 entropy,0.9946666666666667,0.20220349996816367,0.0062727079493924975
1,SVM linear,0.9365079365079365,0.07103416696190834,0.002468833001330495
1,SVM rbf,0.9259259259259259,0.04712995805311948,0.011033582966774702
1,RF 100 gini,0.9920634920634921,0.10276379203423858,0.0033583330223336816
1,RF 200 gini,0.9920634920634921,0.20283816696610302,0.006250125006772578
1,RF 100 entropy,0.9920634920634921,0.10805825004354119,0.0035253340611234307
1,RF 200 entropy,0.9920634920634921,0.20924941694829613,0.0066632910165935755
2,SVM linear,0.9310344827586207,0.0648095840588212,0.0024540419690310955
2,SVM rbf,0.9230769230769231,0.04861912503838539,0.011033584014512599
2,RF 100 gini,0.9973474801061007,0.10609629203099757,0.0033363340189680457
2,RF 200 gini,0.9973474801061007,0.20700070809107274,0.006440291064791381
2,RF 100 entropy,0.9973474801061007,0.10651529196184129,0.0034296249505132437
2,RF 200 entropy,0.9973474801061007,0.20707116706762463,0.006286708055995405
3,SVM linear,0.9336870026525199,0.07076158293057233,0.002485458040609956
3,SVM rbf,0.9230769230769231,0.049745750031434,0.011053332942537963
3,RF 100 gini,0.9973474801061007,0.10252133302856237,0.00342095794621855
3,RF 200 gini,0.9973474801061007,0.20196474995464087,0.006220750045031309
3,RF 100 entropy,0.9920424403183024,0.10385979106649756,0.003475208068266511
3,RF 200 entropy,0.9946949602122016,0.203880583983846,0.0062810840317979455
4,SVM linear,0.9417989417989417,0.056160041014663875,0.0024696249747648835
4,SVM rbf,0.9285714285714286,0.04658587498124689,0.011046917061321437
4,RF 100 gini,0.9973544973544973,0.09985312505159527,0.0033390000462532043
4,RF 200 gini,0.9973544973544973,0.19909895793534815,0.006379542057402432
4,RF 100 entropy,0.9947089947089947,0.10024333302862942,0.0033212500857189298
4,RF 200 entropy,0.9947089947089947,0.19761387491598725,0.006192750064656138
5,SVM linear,0.9312169312169312,0.06517004198394716,0.00241199997253716
5,SVM rbf,0.9232804232804233,0.0468911660136655,0.011225917027331889
5,RF 100 gini,0.9947089947089947,0.10257845907472074,0.003485208027996123
5,RF 200 gini,0.9947089947089947,0.200967333978042,0.0061775000067427754
5,RF 100 entropy,0.9947089947089947,0.09947725001256913,0.0033049999037757516
5,RF 200 entropy,0.9947089947089947,0.2029825410572812,0.0062317909905686975
6,SVM linear,0.9259259259259259,0.06509233301039785,0.002413791953586042
6,SVM rbf,0.9206349206349206,0.047655749949626625,0.011171499965712428
6,RF 100 gini,0.9920634920634921,0.10186883306596428,0.003373667015694082
6,RF 200 gini,0.9947089947089947,0.19581075001042336,0.006036750040948391
6,RF 100 entropy,0.9920634920634921,0.10052924999035895,0.00340812501963228
6,RF 200 entropy,0.9947089947089947,0.19877908297348768,0.006554041989147663
7,SVM linear,0.9338624338624338,0.06712775002233684,0.002506875083781779
7,SVM rbf,0.9259259259259259,0.04742970794904977,0.011101334006525576
7,RF 100 gini,0.9894179894179894,0.1001472920179367,0.0034214589977636933
7,RF 200 gini,0.9894179894179894,0.19791154190897942,0.006317541003227234
7,RF 100 entropy,0.9920634920634921,0.10210233298130333,0.0033457500394433737
7,RF 200 entropy,0.9973544973544973,0.20040587498806417,0.006114582996815443
8,SVM linear,0.9389920424403183,0.07061066699679941,0.002454624976962805
8,SVM rbf,0.9257294429708223,0.0463017919100821,0.011272292002104223
8,RF 100 gini,0.9973474801061007,0.10179279104340822,0.00347445800434798
8,RF 200 gini,0.9973474801061007,0.19828662497457117,0.006199875031597912
8,RF 100 entropy,0.9973474801061007,0.10325366607867181,0.0035026250407099724
8,RF 200 entropy,0.9973474801061007,0.20364558300934732,0.006103625055402517
9,SVM linear,0.949468085106383,0.06351875001564622,0.0025122499791905284
9,SVM rbf,0.925531914893617,0.04744849994312972,0.011182582937180996
9,RF 100 gini,1.0,0.10611683398019522,0.0034757499815896153
9,RF 200 gini,1.0,0.21665625006426126,0.006785666919313371
9,RF 100 entropy,1.0,0.10911683295853436,0.0035170000046491623
9,RF 200 entropy,1.0,0.2082608750788495,0.0064109169179573655
