model,k,distance_metric,voting_scheme,retention_policy,accuracy,f1_macro,training_time,prediction_time,peak_memory_mb,accuracy_std,f1_macro_std,training_time_std,prediction_time_std,peak_memory_mb_std
"KNN(k=7, metric=manhattan, voting=majority, retention=different_class)",7,manhattan,majority,different_class,0.923393894371976,0.9466684427237959,0.00045811000163666906,0.01233416999457404,1.91859769821167,0.030279427763559165,0.026201241294323302,4.63427407755718e-05,0.0008742958369351057,0.027485510864738837
"KNN(k=7, metric=euclidean, voting=majority, retention=different_class)",7,euclidean,majority,different_class,0.923393894371976,0.9466684427237959,0.00044550999882631004,0.012457579997135326,1.9243197441101074,0.030279427763559165,0.026201241294323302,2.0767314256655488e-05,0.0008821363978622865,0.02749016050920215
"KNN(k=7, metric=hamming, voting=majority, retention=different_class)",7,hamming,majority,different_class,0.923393894371976,0.9466684427237959,0.00047580001410096884,0.014111139992019161,1.4495162963867188,0.030279427763559165,0.026201241294323302,0.00010086181659920797,0.000831483527979618,0.02704595755641668
"KNN(k=3, metric=euclidean, voting=majority, retention=always_retain)",3,euclidean,majority,always_retain,0.9231898175881537,0.9413611790771504,0.0004341699997894466,0.01650962998974137,2.0722859382629393,0.026381630989915826,0.02469932133214722,1.663839277396719e-05,0.0009828911036843498,0.02835028630278698
"KNN(k=3, metric=manhattan, voting=majority, retention=always_retain)",3,manhattan,majority,always_retain,0.9231898175881537,0.9413611790771504,0.0004465599893592298,0.01523594000027515,2.06422700881958,0.026381630989915826,0.02469932133214722,2.9500469476737456e-05,0.000884635167284866,0.02674864997460636
"KNN(k=3, metric=hamming, voting=majority, retention=always_retain)",3,hamming,majority,always_retain,0.9231898175881537,0.9413611790771504,0.00044371000840328636,0.018443720001960172,1.549984836578369,0.026381630989915826,0.02469932133214722,2.8767703911699932e-05,0.0015701253550620198,0.026705200747162688
"KNN(k=5, metric=canberra, voting=majority, retention=always_retain)",5,canberra,majority,always_retain,0.9228187207660354,0.9414005020617238,0.00044432999566197396,0.02226214000256732,2.6435099601745606,0.020928289966704823,0.028684775096152977,1.448134226174066e-05,0.001097391547730846,0.02671232106766649
"KNN(k=7, metric=manhattan, voting=inverse_distance, retention=different_class)",7,manhattan,inverse_distance,different_class,0.9217154523429905,0.945580926985454,0.00044589999597519634,0.02394208000623621,1.919720458984375,0.028153644126570093,0.025122044231910896,1.6148122976128624e-05,0.0016680390066931814,0.026902509864435667
"KNN(k=7, metric=hamming, voting=inverse_distance, retention=different_class)",7,hamming,inverse_distance,different_class,0.9217154523429905,0.945580926985454,0.00045460001565515994,0.025729139987379312,1.4504281044006349,0.028153644126570093,0.025122044231910896,3.4885779410483516e-05,0.0017396398068167255,0.026538620009095033
"KNN(k=3, metric=manhattan, voting=inverse_distance, retention=always_retain)",3,manhattan,inverse_distance,always_retain,0.9216972802747208,0.9406972097857302,0.00047491001314483585,0.0251084599934984,2.0674298286437987,0.029317857878450974,0.02520613966097415,4.001028197293106e-05,0.0012895568115822917,0.02690823999089034
"KNN(k=3, metric=hamming, voting=inverse_distance, retention=always_retain)",3,hamming,inverse_distance,always_retain,0.9216972802747208,0.9406972097857302,0.0004561700043268502,0.028413330006878824,1.5519421577453614,0.029317857878450974,0.02520613966097415,3.645896363026116e-05,0.003501835073765818,0.02676936847361669
"KNN(k=3, metric=euclidean, voting=inverse_distance, retention=always_retain)",3,euclidean,inverse_distance,always_retain,0.9216972802747208,0.9407262584422298,0.00043646999984048307,0.025387549999868496,2.0750184059143066,0.029317857878450974,0.02518051770400841,1.8217277347294757e-05,0.0018207689878564433,0.0265769490170077
"KNN(k=7, metric=canberra, voting=majority, retention=different_class)",7,canberra,majority,different_class,0.9216941394700152,0.9459168751742691,0.00045657999580726025,0.018399420008063317,2.451355457305908,0.026517435152260422,0.025599546518644507,3.643887093194912e-05,0.0009797122761406312,0.02722026661034788
"KNN(k=7, metric=canberra, voting=inverse_distance, retention=never_retain)",7,canberra,inverse_distance,never_retain,0.9215146023515572,0.9472336974981543,0.00046350000775419176,0.056615819997387004,95.92249927520751,0.026268233616369707,0.022987535328256294,7.228893084794256e-05,0.0043736597130703435,4.642612344367765
"KNN(k=7, metric=manhattan, voting=inverse_distance, retention=never_retain)",7,manhattan,inverse_distance,never_retain,0.9215146023515572,0.9472336974981543,0.00046460000448860227,0.030737449997104704,63.9004207611084,0.026268233616369707,0.022987535328256294,8.086029175987392e-05,0.002259545138770134,3.084592518162563
"KNN(k=7, metric=hamming, voting=inverse_distance, retention=never_retain)",7,hamming,inverse_distance,never_retain,0.9215146023515572,0.9472336974981543,0.00046878999564796685,0.01839242999558337,4.84322338104248,0.026268233616369707,0.022987535328256294,7.187591184058736e-05,0.001162019632939054,0.20961889609526715
"KNN(k=3, metric=hamming, voting=inverse_distance, retention=never_retain)",3,hamming,inverse_distance,never_retain,0.9214562918605758,0.9417563004043232,0.0004689900088123977,0.01644287999952212,4.843234062194824,0.031196444052271937,0.02703546834204721,9.234564935173395e-05,0.0020899834556021507,0.2096286576861005
"KNN(k=3, metric=hamming, voting=majority, retention=never_retain)",3,hamming,majority,never_retain,0.9214562918605758,0.9419106213919777,0.00044198999530635773,0.007366339996224269,4.843234062194824,0.031196444052271937,0.02686371625332195,1.0655447142077253e-05,0.00039395298988869183,0.2096286576861005
"KNN(k=3, metric=manhattan, voting=majority, retention=never_retain)",3,manhattan,majority,never_retain,0.9214562918605758,0.9419106213919777,0.00044420998892746866,0.02032816000864841,63.90043144226074,0.031196444052271937,0.02686371625332195,1.9133953008763825e-05,0.002481624158427705,3.0846041321427022
"KNN(k=3, metric=manhattan, voting=inverse_distance, retention=never_retain)",3,manhattan,inverse_distance,never_retain,0.9214562918605758,0.9417563004043232,0.00044411999988369644,0.02929057001019828,63.90043144226074,0.031196444052271937,0.02703546834204721,3.2631099796699096e-05,0.0033460289986549296,3.0846041321427022
"KNN(k=3, metric=euclidean, voting=majority, retention=never_retain)",3,euclidean,majority,never_retain,0.9214562918605758,0.9419106213919777,0.00045966999605298044,0.02043518000282347,64.24076652526855,0.031196444052271937,0.02686371625332195,2.0934030103429213e-05,0.0027105160099260535,3.100296427998122
"KNN(k=3, metric=canberra, voting=majority, retention=never_retain)",3,canberra,majority,never_retain,0.9214562918605758,0.9419106213919777,0.0004418600001372397,0.04823498000041582,95.92251453399658,0.031196444052271937,0.02686371625332195,1.348844777236218e-05,0.006258895733459918,4.642628997610249
"KNN(k=3, metric=canberra, voting=inverse_distance, retention=never_retain)",3,canberra,inverse_distance,never_retain,0.9214562918605758,0.9417563004043232,0.00045331998844631014,0.05701288999407552,95.92250995635986,0.031196444052271937,0.02703546834204721,3.432194037451939e-05,0.007441825684618041,4.642624001591115
"KNN(k=7, metric=euclidean, voting=inverse_distance, retention=different_class)",7,euclidean,inverse_distance,different_class,0.9204088197451104,0.9454300526309167,0.0004696699965279549,0.024021809990517794,1.9256235122680665,0.0345084926500701,0.025949092234782697,6.443156919562956e-05,0.0014760103513634156,0.028126875721435542
"KNN(k=3, metric=canberra, voting=majority, retention=always_retain)",3,canberra,majority,always_retain,0.9203924779950393,0.941710370410604,0.0004429900029208511,0.021966050006449224,2.6434443473815916,0.028709971383301065,0.02818071941579299,1.2481679572054836e-05,0.0009708665877736074,0.026697418706499373
"KNN(k=3, metric=canberra, voting=inverse_distance, retention=always_retain)",3,canberra,inverse_distance,always_retain,0.9202888295704954,0.9415410588160574,0.00047270999639295044,0.03286306000081822,2.6459174156188965,0.030790600516962374,0.02774120149494355,7.425063313911876e-05,0.0028934739540676926,0.026752199613914538
"KNN(k=7, metric=hamming, voting=majority, retention=never_retain)",7,hamming,majority,never_retain,0.9202797627584431,0.9415617925217574,0.00044812000123783946,0.007549730007303879,4.84322338104248,0.02759152645260096,0.029703202018986543,1.938049707130812e-05,0.0003972400429598925,0.20961889609526715
"KNN(k=7, metric=manhattan, voting=majority, retention=never_retain)",7,manhattan,majority,never_retain,0.9202797627584431,0.9415617925217574,0.0004512499959673733,0.0202729000011459,63.9004207611084,0.02759152645260096,0.029703202018986543,2.0533883842729603e-05,0.002853756549399079,3.084592518162563
"KNN(k=7, metric=canberra, voting=majority, retention=never_retain)",7,canberra,majority,never_retain,0.9202797627584431,0.9415617925217574,0.0004557300009764731,0.04642758999834769,95.92249927520751,0.02759152645260096,0.029703202018986543,3.0788408221048725e-05,0.004460978132432966,4.642612344367765
"KNN(k=7, metric=euclidean, voting=majority, retention=never_retain)",7,euclidean,majority,never_retain,0.9202797627584431,0.9415617925217574,0.00044523999677039685,0.019807290000608192,64.22080497741699,0.02759152645260096,0.029703202018986543,3.172191031563509e-05,0.0013483868658882479,3.1001725234413984
"KNN(k=5, metric=euclidean, voting=majority, retention=always_retain)",5,euclidean,majority,always_retain,0.9199716723641526,0.9406090290889549,0.0004442800069227815,0.01625763998599723,2.0704396247863768,0.025083450707516136,0.026245186063408883,2.3486107860765202e-05,0.001775543784830406,0.026697418706499373
"KNN(k=5, metric=manhattan, voting=majority, retention=always_retain)",5,manhattan,majority,always_retain,0.9199716723641526,0.9406090290889549,0.00045538001577369867,0.01678597998688929,2.0642445564270018,0.025083450707516136,0.026245186063408883,2.9468957841181845e-05,0.0014871762661877069,0.026697418706499373
"KNN(k=5, metric=hamming, voting=majority, retention=always_retain)",5,hamming,majority,always_retain,0.9199716723641526,0.9406090290889549,0.0004354399919975549,0.018607870006235316,1.5500504493713378,0.025083450707516136,0.026245186063408883,2.1070748394007136e-05,0.001565953922837053,0.026720102834510453
"KNN(k=3, metric=euclidean, voting=inverse_distance, retention=never_retain)",3,euclidean,inverse_distance,never_retain,0.9199637545471429,0.9411934826846429,0.000618580001173541,0.028936699993209913,64.22098712921142,0.03435867449155421,0.027725703613251867,0.0002058311414989263,0.0028568987074612047,3.1001377115634994
"KNN(k=5, metric=canberra, voting=inverse_distance, retention=always_retain)",5,canberra,inverse_distance,always_retain,0.9198069454037165,0.9401521947465948,0.00043748999596573415,0.034049239999148995,2.6451998710632325,0.01891971879597327,0.028423558011941952,2.9045153611019786e-05,0.002484040195605786,0.026964485155789593
"KNN(k=7, metric=canberra, voting=inverse_distance, retention=different_class)",7,canberra,inverse_distance,different_class,0.918911530774363,0.9438203261907694,0.0004441600118298084,0.03015908000525087,2.452813720703125,0.030589804428649062,0.025880432890664714,1.5099176046363526e-05,0.0016910225069031487,0.027006485517515517
"KNN(k=7, metric=euclidean, voting=inverse_distance, retention=never_retain)",7,euclidean,inverse_distance,never_retain,0.9187872254450102,0.9409481874305982,0.00045869999448768797,0.030239030002849176,64.22080497741699,0.03025205357868435,0.029554815634285258,2.3590717224781515e-05,0.0017139313773414475,3.1001725234413984
"KNN(k=5, metric=canberra, voting=majority, retention=oblivion_by_goodness)",5,canberra,majority,oblivion_by_goodness,0.9184963032412023,0.9411401142790548,0.0004367000132333487,0.020501449983567,2.438694381713867,0.033318007905608106,0.02558741228222728,8.717032958198873e-06,0.0009244673791703626,0.0292365840254371
"KNN(k=5, metric=euclidean, voting=inverse_distance, retention=always_retain)",5,euclidean,inverse_distance,always_retain,0.9184791350507198,0.9399191234970885,0.0004557100066449493,0.026962140010436998,2.0723076820373536,0.027965193624430208,0.026055137416248448,2.8785039842229986e-05,0.001403838737248166,0.026802029516190644
"KNN(k=5, metric=canberra, voting=majority, retention=different_class)",5,canberra,majority,different_class,0.9172759176992304,0.9394753294019772,0.00043885999475605785,0.01854141000076197,2.4522138595581056,0.02969006810672247,0.027427508833354933,1.2131070514636567e-05,0.0010598584508680047,0.027487200952615146
"KNN(k=3, metric=hamming, voting=inverse_distance, retention=different_class)",3,hamming,inverse_distance,different_class,0.9171345854212986,0.9364916323329092,0.0004521600145380944,0.023524049995467068,1.4508461952209473,0.03343479955029847,0.023758990171482343,2.8224102824393537e-05,0.0013860901135664425,0.02788755130554785
"KNN(k=3, metric=manhattan, voting=inverse_distance, retention=different_class)",3,manhattan,inverse_distance,different_class,0.9171345854212986,0.9364916323329092,0.000449959997786209,0.021213020000141115,1.9203285217285155,0.03343479955029847,0.023758990171482343,1.8421373055009185e-05,0.0012874925545769786,0.02874363009660852
"KNN(k=5, metric=hamming, voting=inverse_distance, retention=always_retain)",5,hamming,inverse_distance,always_retain,0.9169598970018337,0.9392841823861412,0.00043998000328429045,0.028690860007191076,1.551735019683838,0.023023620806610183,0.025871902434609274,2.097922909883447e-05,0.002013829825677337,0.026774028349852996
"KNN(k=5, metric=manhattan, voting=inverse_distance, retention=always_retain)",5,manhattan,inverse_distance,always_retain,0.9169598970018337,0.9392841823861412,0.0004406900028698146,0.027150279999477788,2.0660473823547365,0.023023620806610183,0.025871902434609274,2.3370419606457563e-05,0.0017595735147436437,0.026831960089624584
"KNN(k=3, metric=canberra, voting=inverse_distance, retention=oblivion_by_goodness)",3,canberra,inverse_distance,oblivion_by_goodness,0.9165125532572945,0.9349962211642581,0.0004515300097409636,0.029156429978320374,2.4391353607177733,0.03939752874583506,0.02935694105640344,2.436783146174978e-05,0.0016682648276123658,0.029179997549515627
"KNN(k=3, metric=hamming, voting=inverse_distance, retention=oblivion_by_goodness)",3,hamming,inverse_distance,oblivion_by_goodness,0.9162833865906279,0.938526390652701,0.0004445900034625083,0.024772699997993187,1.4540253639221192,0.035286772712919814,0.02478946232122402,1.9754104125273817e-05,0.0013523224335946315,0.027464785156971868
"KNN(k=3, metric=manhattan, voting=inverse_distance, retention=oblivion_by_goodness)",3,manhattan,inverse_distance,oblivion_by_goodness,0.9162833865906279,0.938526390652701,0.0004565800016280264,0.022963920002803208,1.910746192932129,0.035286772712919814,0.02478946232122402,2.4692152490907115e-05,0.0014226705303019029,0.028154852371692397
"KNN(k=5, metric=manhattan, voting=majority, retention=different_class)",5,manhattan,majority,different_class,0.9157833803857975,0.9389551291191349,0.00045920999255031345,0.012273940007435157,1.919705581665039,0.03123984364421089,0.027356374222524557,3.078233858416211e-05,0.0006499500458387108,0.027267395418947998
"KNN(k=5, metric=euclidean, voting=majority, retention=different_class)",5,euclidean,majority,different_class,0.9157833803857975,0.9389551291191349,0.0004487199941650033,0.01233821000205353,1.925436782836914,0.03123984364421089,0.027356374222524557,1.5953467392364796e-05,0.0006298495423184355,0.027263806873670332
"KNN(k=5, metric=hamming, voting=majority, retention=different_class)",5,hamming,majority,different_class,0.9157833803857975,0.9389551291191349,0.0004473700071685016,0.014343439991353079,1.4502737998962403,0.03123984364421089,0.027356374222524557,2.8166339328282196e-05,0.0012008888622211274,0.02686461780669196
"KNN(k=3, metric=manhattan, voting=majority, retention=different_class)",3,manhattan,majority,different_class,0.9157456965324098,0.9360944405229752,0.0004406499967444688,0.011944069992750883,1.9196383476257324,0.03374344585415907,0.024596370028472914,1.65721384286824e-05,0.0007088514266735329,0.028353148754587942
"KNN(k=3, metric=euclidean, voting=majority, retention=different_class)",3,euclidean,majority,different_class,0.9157456965324098,0.9360944405229752,0.0004449100000783801,0.012263589998474345,1.9253588676452638,0.03374344585415907,0.024596370028472914,1.9283462610551325e-05,0.0007817246463388262,0.028358160987993694
"KNN(k=3, metric=euclidean, voting=inverse_distance, retention=different_class)",3,euclidean,inverse_distance,different_class,0.9157456965324098,0.9360187611284102,0.00043731999467127024,0.02138524000765756,1.9266319274902344,0.03374344585415907,0.024671501569208096,1.316163058251129e-05,0.0012809491430515972,0.028509545980698086
"KNN(k=3, metric=hamming, voting=majority, retention=different_class)",3,hamming,majority,different_class,0.9157456965324098,0.9360944405229752,0.0004551900026854128,0.013990540010854601,1.450174331665039,0.03374344585415907,0.024596370028472914,4.238079228971891e-05,0.0008809105868857205,0.027597722426994625
"KNN(k=3, metric=canberra, voting=inverse_distance, retention=different_class)",3,canberra,inverse_distance,different_class,0.9157188906493486,0.9377303126623506,0.0004396300006192178,0.028151010005967692,2.4531706809997558,0.030208481936158434,0.025142602947121822,1.370930230923186e-05,0.0020973718297790994,0.02912622893731646
"KNN(k=5, metric=manhattan, voting=majority, retention=never_retain)",5,manhattan,majority,never_retain,0.9157188055617084,0.937796986498699,0.0004457900067791343,0.02068481000023894,63.90043144226074,0.03155128736033783,0.027016017189261835,1.7931761115055026e-05,0.0017613549119230073,3.0846041321427022
"KNN(k=5, metric=hamming, voting=majority, retention=never_retain)",5,hamming,majority,never_retain,0.9157188055617084,0.937796986498699,0.00044308999204076824,0.007404960005078465,4.84322338104248,0.03155128736033783,0.027016017189261835,2.010311183605324e-05,0.0005807573996907733,0.20961889609526715
"KNN(k=5, metric=canberra, voting=majority, retention=never_retain)",5,canberra,majority,never_retain,0.9157188055617084,0.937796986498699,0.00045728000695817174,0.04645637999637984,95.92249927520751,0.03155128736033783,0.027016017189261835,3.5993804658388375e-05,0.004134811212003861,4.642612344367765
"KNN(k=5, metric=euclidean, voting=majority, retention=never_retain)",5,euclidean,majority,never_retain,0.9157188055617084,0.937796986498699,0.00043657001806423067,0.020742919988697393,64.22081565856934,0.03155128736033783,0.027016017189261835,2.017843912096004e-05,0.00276936337653068,3.1001841380698423
"KNN(k=5, metric=canberra, voting=inverse_distance, retention=oblivion_by_goodness)",5,canberra,inverse_distance,oblivion_by_goodness,0.915670432594436,0.9399278431252258,0.0004551100020762533,0.031057550001423805,2.439152145385742,0.03722213510317062,0.026234387009373323,2.7182616402723465e-05,0.0017072710747796538,0.02928067103602
"KNN(k=3, metric=euclidean, voting=inverse_distance, retention=oblivion_by_goodness)",3,euclidean,inverse_distance,oblivion_by_goodness,0.914790849277195,0.937914601102573,0.00043553999857977034,0.02300377000356093,1.9164800643920898,0.03788534661836765,0.025351062878891155,9.732558190459274e-06,0.001313535701622894,0.028172038028050156
"KNN(k=3, metric=euclidean, voting=majority, retention=oblivion_by_goodness)",3,euclidean,majority,oblivion_by_goodness,0.914790849277195,0.937914601102573,0.0005113099876325577,0.014147430000593885,1.9159513473510743,0.03788534661836765,0.025351062878891155,0.0002141514420226962,0.0012367524700659428,0.02810748556258856
"KNN(k=3, metric=manhattan, voting=majority, retention=oblivion_by_goodness)",3,manhattan,majority,oblivion_by_goodness,0.914790849277195,0.937914601102573,0.00043893000693060456,0.01350864999112673,1.9101957321166991,0.03788534661836765,0.025351062878891155,2.2751569291481323e-05,0.0007497623853417401,0.028176187768678387
"KNN(k=3, metric=hamming, voting=majority, retention=oblivion_by_goodness)",3,hamming,majority,oblivion_by_goodness,0.914790849277195,0.937914601102573,0.000455000001238659,0.016300469991983847,1.4534466743469239,0.03788534661836765,0.025351062878891155,3.0033642087905975e-05,0.0023400201037939664,0.02748623706892893
"KNN(k=7, metric=canberra, voting=majority, retention=always_retain)",7,canberra,majority,always_retain,0.9143968236423212,0.9360473116144407,0.00047392999986186626,0.024206189991673455,2.643586254119873,0.03540829790881851,0.030159047874387158,9.213129845137309e-05,0.002361106938150005,0.02671232106766649
"KNN(k=5, metric=euclidean, voting=inverse_distance, retention=different_class)",5,euclidean,inverse_distance,different_class,0.9142475811212508,0.9382690457189133,0.0004582800203934312,0.02310566998203285,1.9264548301696778,0.03697177833913044,0.02858302272674373,4.706501055872231e-05,0.0014487179980827562,0.027802514447217184
"KNN(k=5, metric=canberra, voting=inverse_distance, retention=different_class)",5,canberra,inverse_distance,different_class,0.9142304565989349,0.9354786478833658,0.000454730010824278,0.02948552998714149,2.453717041015625,0.0328859186799173,0.027707943473243464,2.980670381445063e-05,0.0024092370286298253,0.02902460686212594
"KNN(k=5, metric=euclidean, voting=inverse_distance, retention=never_retain)",5,euclidean,inverse_distance,never_retain,0.9142262682482756,0.9371070809068327,0.0004430399974808097,0.02983865999849513,64.22081565856934,0.03440573091945027,0.02758695802287079,2.7638988485617146e-05,0.002557149535421895,3.1001841380698423
"KNN(k=3, metric=canberra, voting=majority, retention=oblivion_by_goodness)",3,canberra,majority,oblivion_by_goodness,0.9134575159438617,0.9337768464748113,0.00044652000069618226,0.019891610002378,2.438639450073242,0.04043727994943536,0.028915655096990508,2.408119389585638e-05,0.0010942687501638013,0.02920370972204362
"KNN(k=7, metric=canberra, voting=inverse_distance, retention=always_retain)",7,canberra,inverse_distance,always_retain,0.9127739371688914,0.935398855087761,0.000434730009874329,0.03521992999012582,2.6455039024353026,0.03331768467895122,0.02882426533409401,1.1214876142179048e-05,0.003251105371432169,0.027061248735382206
"KNN(k=3, metric=canberra, voting=majority, retention=different_class)",3,canberra,majority,different_class,0.9127675017604597,0.9367158369017992,0.0004474000015761703,0.01830092999734916,2.4530797958374024,0.029544541787722263,0.025228589842529382,1.1307314646095827e-05,0.0008270436640897058,0.028435736921845117
"KNN(k=5, metric=manhattan, voting=inverse_distance, retention=different_class)",5,manhattan,inverse_distance,different_class,0.9127379192855021,0.9351192914599716,0.0004665800021030009,0.02254406000720337,1.9208935737609862,0.035564276354565647,0.027828096510854265,9.093798044225711e-05,0.0013209426142380758,0.028463233009997802
"KNN(k=5, metric=hamming, voting=inverse_distance, retention=different_class)",5,hamming,inverse_distance,different_class,0.9127379192855021,0.9351192914599716,0.0004426400002557784,0.02456555999815464,1.4513368606567383,0.035564276354565647,0.027828096510854265,1.720581976025534e-05,0.0015423135875920143,0.027697663945004097
"KNN(k=7, metric=canberra, voting=inverse_distance, retention=oblivion_by_goodness)",7,canberra,inverse_distance,oblivion_by_goodness,0.911623986482226,0.9361832082006014,0.00044383000931702554,0.03312052999972366,2.439200592041016,0.027490176368274426,0.015101703651288188,1.3990720779467908e-05,0.001981202891751339,0.029271024763952522
"KNN(k=5, metric=canberra, voting=inverse_distance, retention=never_retain)",5,canberra,inverse_distance,never_retain,0.9113277175236378,0.9359447846929368,0.000446720008039847,0.05564542998909019,95.92249927520751,0.03438077701497898,0.027417081069391957,2.0795613241482476e-05,0.0050281395054907144,4.642612344367765
"KNN(k=5, metric=hamming, voting=inverse_distance, retention=never_retain)",5,hamming,inverse_distance,never_retain,0.9113277175236378,0.9359447846929368,0.0004443699901457876,0.01696987999603152,4.84322338104248,0.03438077701497898,0.027417081069391957,2.2490048361411802e-05,0.0011237114840001964,0.20961889609526715
"KNN(k=5, metric=manhattan, voting=inverse_distance, retention=never_retain)",5,manhattan,inverse_distance,never_retain,0.9113277175236378,0.9359447846929368,0.0004496299952734262,0.02969528001267463,63.9004207611084,0.03438077701497898,0.027417081069391957,2.6599019124542506e-05,0.002255271565611025,3.084592518162563
"KNN(k=7, metric=manhattan, voting=inverse_distance, retention=oblivion_by_goodness)",7,manhattan,inverse_distance,oblivion_by_goodness,0.9088165761992721,0.9381036517174559,0.0004575399856548756,0.027202570001827554,1.9107969284057618,0.03329760535679452,0.02189169234934537,2.116293068527169e-05,0.0019542863461497477,0.028223256201840567
"KNN(k=7, metric=hamming, voting=inverse_distance, retention=oblivion_by_goodness)",7,hamming,inverse_distance,oblivion_by_goodness,0.9088165761992721,0.9381036517174559,0.00044418000616133215,0.029068559996085243,1.4529316902160645,0.03329760535679452,0.02189169234934537,1.397488414202909e-05,0.001857272407164987,0.026769128603840734
"KNN(k=7, metric=euclidean, voting=majority, retention=always_retain)",7,euclidean,majority,always_retain,0.908240824790427,0.9334371112277544,0.0004542199952993542,0.016693399992072956,2.070505237579346,0.032808457877108975,0.024071697646144658,3.345058103160207e-05,0.0020408419105480266,0.02671232106766649
"KNN(k=7, metric=manhattan, voting=majority, retention=always_retain)",7,manhattan,majority,always_retain,0.908240824790427,0.9334371112277544,0.0004453499743249267,0.016452480002772062,2.064310169219971,0.032808457877108975,0.024071697646144658,2.520812158615593e-05,0.002512830763255485,0.02671232106766649
"KNN(k=7, metric=euclidean, voting=inverse_distance, retention=always_retain)",7,euclidean,inverse_distance,always_retain,0.908240824790427,0.9334371112277544,0.0004478199931327254,0.027878240012796596,2.0723286628723145,0.032808457877108975,0.024071697646144658,1.5176273548382662e-05,0.0017865312290250997,0.02683120925526624
"KNN(k=7, metric=hamming, voting=majority, retention=always_retain)",7,hamming,majority,always_retain,0.908240824790427,0.9334371112277544,0.00045349000138230624,0.018515979999210685,1.5501267433166503,0.032808457877108975,0.024071697646144658,3.041694830826989e-05,0.001749045002781595,0.026720102834510453
"KNN(k=7, metric=manhattan, voting=inverse_distance, retention=always_retain)",7,manhattan,inverse_distance,always_retain,0.908180438316997,0.9334595436755151,0.00044555000495165585,0.027940899995155633,2.066158390045166,0.032282469242116474,0.023436430684762765,1.4840122898718124e-05,0.0022663680865931167,0.026971663628469398
"KNN(k=7, metric=hamming, voting=inverse_distance, retention=always_retain)",7,hamming,inverse_distance,always_retain,0.908180438316997,0.9334595436755151,0.00048245000070892277,0.029429450002498924,1.5518013954162597,0.032282469242116474,0.023436430684762765,0.00013018770099158816,0.0020702426383560034,0.026823915691840713
"KNN(k=5, metric=manhattan, voting=inverse_distance, retention=oblivion_by_goodness)",5,manhattan,inverse_distance,oblivion_by_goodness,0.9072956670932163,0.9332357307785573,0.0004554199927952141,0.025274870003340767,1.9107152938842773,0.03892395262747844,0.027758687106260335,3.9457031989110185e-05,0.0020023237469057827,0.02820783990081047
"KNN(k=5, metric=hamming, voting=inverse_distance, retention=oblivion_by_goodness)",5,hamming,inverse_distance,oblivion_by_goodness,0.9072956670932163,0.9332357307785573,0.0004607599985320121,0.026810250006383284,1.4535935401916504,0.03892395262747844,0.027758687106260335,6.969461548056595e-05,0.0017380540764202065,0.02675771892620152
"KNN(k=5, metric=euclidean, voting=inverse_distance, retention=oblivion_by_goodness)",5,euclidean,inverse_distance,oblivion_by_goodness,0.907182442455535,0.9332421807269577,0.00044528000871650874,0.025672509998548775,1.9164121627807618,0.03712452900032131,0.02637114904662229,1.5429396408186608e-05,0.0015762619685852893,0.028243375482697012
"KNN(k=7, metric=euclidean, voting=inverse_distance, retention=oblivion_by_goodness)",7,euclidean,inverse_distance,oblivion_by_goodness,0.9059155881816141,0.9369168134343845,0.00043977000750601293,0.027363449992844836,1.9164628982543945,0.03419605539414199,0.021319976232767875,3.065803536177678e-05,0.0017251093729370418,0.02824659719030182
"KNN(k=5, metric=manhattan, voting=majority, retention=oblivion_by_goodness)",5,manhattan,majority,oblivion_by_goodness,0.9058491091222016,0.932723737443674,0.0004510600119829178,0.014673309994395822,1.9102476119995118,0.03893655319043539,0.026481993383996025,2.6195408566864954e-05,0.0009003431029021829,0.028206938869947996
"KNN(k=5, metric=euclidean, voting=majority, retention=oblivion_by_goodness)",5,euclidean,majority,oblivion_by_goodness,0.9058491091222016,0.932723737443674,0.0004700800054706633,0.014854710001964122,1.9159643173217773,0.03893655319043539,0.026481993383996025,4.506704209738058e-05,0.0006588622156712583,0.028201663200581737
"KNN(k=5, metric=hamming, voting=majority, retention=oblivion_by_goodness)",5,hamming,majority,oblivion_by_goodness,0.9058491091222016,0.932723737443674,0.0004485699813812971,0.016384749999269844,1.453044605255127,0.03893655319043539,0.026481993383996025,1.7444706547611732e-05,0.0008495576288224465,0.026732123889291463
"KNN(k=7, metric=hamming, voting=majority, retention=oblivion_by_goodness)",7,hamming,majority,oblivion_by_goodness,0.9043530881816141,0.9350120515296225,0.00045434999046847226,0.017307059990707786,1.4523579597473144,0.0320914739176216,0.01833361988824001,2.699223692517746e-05,0.0011034872154217486,0.026706064833121528
"KNN(k=7, metric=euclidean, voting=majority, retention=oblivion_by_goodness)",7,euclidean,majority,oblivion_by_goodness,0.9043530881816141,0.9350120515296225,0.0004437499970663339,0.016100080002797768,1.916029930114746,0.0320914739176216,0.01833361988824001,1.8701411815036576e-05,0.0017912062047126206,0.028219461198312795
"KNN(k=7, metric=manhattan, voting=majority, retention=oblivion_by_goodness)",7,manhattan,majority,oblivion_by_goodness,0.9043530881816141,0.9350120515296225,0.00045098999398760495,0.015368199994554743,1.9103239059448243,0.0320914739176216,0.01833361988824001,2.9218815455459018e-05,0.0007278548735010925,0.028206938869947996
"KNN(k=7, metric=canberra, voting=majority, retention=oblivion_by_goodness)",7,canberra,majority,oblivion_by_goodness,0.9011321864987558,0.9262280575896609,0.00044849998666904865,0.021450640010880307,2.4387676239013674,0.02312994475562357,0.021225055918590384,2.1953033380587467e-05,0.001134321220104039,0.02923514088348426
